eps,acc
0,0.699
0.01,0.17125
0.02,0.061375
0.03,0.03225
0.04,0.019375
0.05,0.01525
