eps,acc
0,0.78975
0.01,0.137
0.02,0.058625
0.03,0.044
0.04,0.040875
0.05,0.043
