eps,acc
0,0.350625
0.01,0.349125
0.02,0.348375
0.03,0.347625
0.04,0.34675
0.05,0.3455
