eps,acc
0,0.619625
0.01,0.172
0.02,0.050125
0.03,0.018
0.04,0.007875
0.05,0.005375
