eps,acc
0,0.207
0.01,0.127
0.02,0.08375
0.03,0.0575
0.04,0.04225
0.05,0.032
