eps,acc
0,0.381875
0.01,0.377375
0.02,0.37275
0.03,0.36975
0.04,0.366375
0.05,0.363875
