eps,acc
0,0.707625
0.01,0.247625
0.02,0.107875
0.03,0.056875
0.04,0.035375
0.05,0.022875
