eps,acc
0,0.207
0.01,0.12725
0.02,0.08425
0.03,0.058375
0.04,0.04275
0.05,0.032125
