eps,acc
0,0.74925
0.01,0.192375
0.02,0.088125
0.03,0.054375
0.04,0.038875
0.05,0.031875
