eps,acc
0,0.249875
0.01,0.24675
0.02,0.243625
0.03,0.240625
0.04,0.23725
0.05,0.234875
