eps,acc
0,0.679875
0.01,0.0835
0.02,0.028875
0.03,0.01825
0.04,0.01525
0.05,0.014625
