eps,acc
0,0.381875
0.01,0.377375
0.02,0.372875
0.03,0.36975
0.04,0.366875
0.05,0.364125
