eps,acc
0,0.8415
0.01,0.8
0.02,0.764125
0.03,0.7295
0.04,0.704
0.05,0.68225
